{
    "0.5": {
        "animal": 0.5732743243458245,
        "bicycle": 0.11326354780129773,
        "bus": 0.0,
        "car": 0.19336461737796348,
        "emergency_vehicle": 0.42889645989974934,
        "motorcycle": 0.3789923986821515,
        "other_vehicle": 0.13783178256504297,
        "pedestrian": 0.11969112189034804,
        "truck": 0.2579393787762836
    },
    "0.55": {
        "animal": 0.5401304866387668,
        "bicycle": 0.08872881781870084,
        "bus": 0.0,
        "car": 0.18502864481045342,
        "emergency_vehicle": 0.42889645989974934,
        "motorcycle": 0.36536247814808787,
        "other_vehicle": 0.12548690756504746,
        "pedestrian": 0.0824174610499441,
        "truck": 0.217013157107371
    },
    "0.6": {
        "animal": 0.48832997786273746,
        "bicycle": 0.061212190533529234,
        "bus": 0.0,
        "car": 0.15639917445609575,
        "emergency_vehicle": 0.42889645989974934,
        "motorcycle": 0.3477472282928482,
        "other_vehicle": 0.10990665293604274,
        "pedestrian": 0.03871054394706171,
        "truck": 0.1796208059937322
    },
    "0.65": {
        "animal": 0.4087543478693819,
        "bicycle": 0.033806974812483716,
        "bus": 0.0,
        "car": 0.13208786789847615,
        "emergency_vehicle": 0.42889645989974934,
        "motorcycle": 0.3113493656929258,
        "other_vehicle": 0.0930869632152651,
        "pedestrian": 0.013188068799975246,
        "truck": 0.12607963999051303
    },
    "0.7": {
        "animal": 0.2982257253097428,
        "bicycle": 0.011514876696952744,
        "bus": 0.0,
        "car": 0.0876368001076494,
        "emergency_vehicle": 0.3479581766917293,
        "motorcycle": 0.2503703256243398,
        "other_vehicle": 0.05607379962709718,
        "pedestrian": 0.004023217702336225,
        "truck": 0.06922225635653925
    },
    "0.75": {
        "animal": 0.17094490154838804,
        "bicycle": 0.002784143700225518,
        "bus": 0.0,
        "car": 0.04058370953340406,
        "emergency_vehicle": 0.23162202380952382,
        "motorcycle": 0.16282004615392726,
        "other_vehicle": 0.03350623304619054,
        "pedestrian": 0.0006956050484304454,
        "truck": 0.017627506234827006
    },
    "0.8": {
        "animal": 0.06129290011066383,
        "bicycle": 5.6373855990186045e-05,
        "bus": 0.0,
        "car": 0.00986477579315035,
        "emergency_vehicle": 0.16601190476190478,
        "motorcycle": 0.06891892808630926,
        "other_vehicle": 8.113590263691683e-05,
        "pedestrian": 8.022796049452544e-05,
        "truck": 0.002887178644730249
    },
    "0.85": {
        "animal": 0.009133118498178733,
        "bicycle": 1.3544932287434365e-06,
        "bus": 0.0,
        "car": 0.0009049857336178197,
        "emergency_vehicle": 0.04196428571428571,
        "motorcycle": 0.010833213241614986,
        "other_vehicle": 0.0,
        "pedestrian": 1.4057276657136289e-06,
        "truck": 0.00011114327062228652
    },
    "0.8999999999999999": {
        "animal": 0.00027313461825905036,
        "bicycle": 8.169020297564733e-07,
        "bus": 0.0,
        "car": 4.261445556992115e-05,
        "emergency_vehicle": 0.025089285714285713,
        "motorcycle": 0.0002556229191632422,
        "other_vehicle": 0.0,
        "pedestrian": 0.0,
        "truck": 1.4752069346527586e-06
    },
    "0.95": {
        "animal": 7.130591918203662e-08,
        "bicycle": 0.0,
        "bus": 0.0,
        "car": 0.0,
        "emergency_vehicle": 0.0,
        "motorcycle": 4.7773866796713504e-08,
        "other_vehicle": 0.0,
        "pedestrian": 0.0,
        "truck": 0.0
    },
    "overall": {
        "car": 0.08059131901663805,
        "bicycle": 0.03113690966144384,
        "animal": 0.25503589881078625,
        "bus": 0.0,
        "emergency_vehicle": 0.2528231516290727,
        "other_vehicle": 0.055597347485732286,
        "motorcycle": 0.1896649654615235,
        "pedestrian": 0.0258807652126256,
        "truck": 0.08705025415815532
    },
    "mAP": 0.10864229015955305
}