{
    "0.5": {
        "animal": 7.371369600471768e-06,
        "bicycle": 0.16206637135272678,
        "bus": 0.43556100396635333,
        "car": 0.6165782641284021,
        "emergency_vehicle": 0.2599383446793516,
        "motorcycle": 0.37816834467728533,
        "other_vehicle": 0.4665874577196359,
        "pedestrian": 0.10844818150801494,
        "truck": 0.41614729713826776
    },
    "0.55": {
        "animal": 0.0,
        "bicycle": 0.12526009867235638,
        "bus": 0.42782546266510224,
        "car": 0.5877222612661122,
        "emergency_vehicle": 0.2599383446793516,
        "motorcycle": 0.31561635437501145,
        "other_vehicle": 0.45350899977373,
        "pedestrian": 0.06990230206447004,
        "truck": 0.4033265152256894
    },
    "0.6": {
        "animal": 0.0,
        "bicycle": 0.08710752294040273,
        "bus": 0.41013170472386384,
        "car": 0.5404278897510557,
        "emergency_vehicle": 0.2599383446793516,
        "motorcycle": 0.22731094624451462,
        "other_vehicle": 0.43366353289305726,
        "pedestrian": 0.034567322217087096,
        "truck": 0.3852342097582129
    },
    "0.65": {
        "animal": 0.0,
        "bicycle": 0.051152358303254424,
        "bus": 0.3803302476967103,
        "car": 0.4661280557500877,
        "emergency_vehicle": 0.2599383446793516,
        "motorcycle": 0.14325313939443163,
        "other_vehicle": 0.39815290798472663,
        "pedestrian": 0.013295022813540888,
        "truck": 0.3553887086746256
    },
    "0.7": {
        "animal": 0.0,
        "bicycle": 0.022396874196021273,
        "bus": 0.33328479508253456,
        "car": 0.3561585328340085,
        "emergency_vehicle": 0.2599383446793516,
        "motorcycle": 0.0705503607764201,
        "other_vehicle": 0.34690245070804715,
        "pedestrian": 0.0035583873583957463,
        "truck": 0.30901425172109853
    },
    "0.75": {
        "animal": 0.0,
        "bicycle": 0.007316581379886144,
        "bus": 0.25295876057580047,
        "car": 0.21752440497612766,
        "emergency_vehicle": 0.24694707001787428,
        "motorcycle": 0.02936293757640153,
        "other_vehicle": 0.2639604172496727,
        "pedestrian": 0.0006106062322370214,
        "truck": 0.24192807910181602
    },
    "0.8": {
        "animal": 0.0,
        "bicycle": 0.0015441797022376926,
        "bus": 0.14289134278191595,
        "car": 0.086400937300731,
        "emergency_vehicle": 0.23064382954443108,
        "motorcycle": 0.005341506888701373,
        "other_vehicle": 0.14797811019454354,
        "pedestrian": 4.8080889617302236e-05,
        "truck": 0.14539887675922886
    },
    "0.85": {
        "animal": 0.0,
        "bicycle": 0.0001149790786318495,
        "bus": 0.03953263937855161,
        "car": 0.015497322831175522,
        "emergency_vehicle": 0.09308018168073501,
        "motorcycle": 0.00016276385498804297,
        "other_vehicle": 0.041422330717241815,
        "pedestrian": 2.2462234797551256e-06,
        "truck": 0.04690355974732327
    },
    "0.8999999999999999": {
        "animal": 0.0,
        "bicycle": 5.216422559244133e-07,
        "bus": 0.0025124683208887356,
        "car": 0.0005081988115381819,
        "emergency_vehicle": 0.004242424242424242,
        "motorcycle": 0.0,
        "other_vehicle": 0.001858933020578374,
        "pedestrian": 0.0,
        "truck": 0.004541170844891164
    },
    "0.95": {
        "animal": 0.0,
        "bicycle": 0.0,
        "bus": 2.368493176248472e-05,
        "car": 1.4966336685551483e-07,
        "emergency_vehicle": 0.0,
        "motorcycle": 0.0,
        "other_vehicle": 1.9018784224745972e-06,
        "pedestrian": 0.0,
        "truck": 1.7391999932876836e-05
    },
    "overall": {
        "animal": 7.371369600471768e-07,
        "bicycle": 0.045695948726777326,
        "bus": 0.24250521101234837,
        "car": 0.2886946017312606,
        "emergency_vehicle": 0.18746052288822226,
        "motorcycle": 0.11697663537877541,
        "other_vehicle": 0.2554037042139655,
        "pedestrian": 0.02304321493068428,
        "truck": 0.2307900060971086
    },
    "mAP": 0.15450784245734472
}