{
    "0.5": {
        "animal": 1.183796197646613e-05,
        "bicycle": 0.1361950531971008,
        "bus": 0.41606807866622175,
        "car": 0.5963073112853385,
        "emergency_vehicle": 0.19586175479110265,
        "motorcycle": 0.30118285312199655,
        "other_vehicle": 0.4297996706045179,
        "pedestrian": 0.12153304936735035,
        "truck": 0.35887653797309765
    },
    "0.55": {
        "animal": 1.183796197646613e-05,
        "bicycle": 0.10315494125950006,
        "bus": 0.4082406724326301,
        "car": 0.560896670703933,
        "emergency_vehicle": 0.19586175479110265,
        "motorcycle": 0.2522166930501366,
        "other_vehicle": 0.4106798885525519,
        "pedestrian": 0.07866457941732971,
        "truck": 0.33494094663436763
    },
    "0.6": {
        "animal": 0.0,
        "bicycle": 0.07058063167756512,
        "bus": 0.38879426656467075,
        "car": 0.5059399160705107,
        "emergency_vehicle": 0.19586175479110265,
        "motorcycle": 0.20214648920550599,
        "other_vehicle": 0.38216733195985103,
        "pedestrian": 0.03894556534437782,
        "truck": 0.30627388787730747
    },
    "0.65": {
        "animal": 0.0,
        "bicycle": 0.044489649828800326,
        "bus": 0.34787854694037534,
        "car": 0.4218932027904895,
        "emergency_vehicle": 0.19586175479110265,
        "motorcycle": 0.12471509633552688,
        "other_vehicle": 0.33861556433614504,
        "pedestrian": 0.013794535127445485,
        "truck": 0.26499111073041304
    },
    "0.7": {
        "animal": 0.0,
        "bicycle": 0.018342990040198077,
        "bus": 0.28244147128888003,
        "car": 0.3059610032644881,
        "emergency_vehicle": 0.19494508812443598,
        "motorcycle": 0.06261791996637266,
        "other_vehicle": 0.27165485728066224,
        "pedestrian": 0.0034484605530144346,
        "truck": 0.20652423641256287
    },
    "0.75": {
        "animal": 0.0,
        "bicycle": 0.005168943006910529,
        "bus": 0.19308184595390593,
        "car": 0.17310602174352213,
        "emergency_vehicle": 0.18525389525933006,
        "motorcycle": 0.021274270917447054,
        "other_vehicle": 0.1761687288488543,
        "pedestrian": 0.00048784254172606797,
        "truck": 0.14152320494952889
    },
    "0.8": {
        "animal": 0.0,
        "bicycle": 0.0007995851474197042,
        "bus": 0.09575768883698546,
        "car": 0.06265916970203049,
        "emergency_vehicle": 0.1607701465201465,
        "motorcycle": 0.004349832290412631,
        "other_vehicle": 0.07164612649594898,
        "pedestrian": 5.2305242218941845e-05,
        "truck": 0.06662562637466775
    },
    "0.85": {
        "animal": 0.0,
        "bicycle": 5.199973758409461e-05,
        "bus": 0.020256833271287824,
        "car": 0.00978592343728163,
        "emergency_vehicle": 0.07282051282051283,
        "motorcycle": 0.0003955689499258811,
        "other_vehicle": 0.010737607004625376,
        "pedestrian": 4.6254919588505454e-06,
        "truck": 0.01778549679158084
    },
    "0.8999999999999999": {
        "animal": 0.0,
        "bicycle": 1.772874401156269e-08,
        "bus": 0.0007371365498826023,
        "car": 0.00025869035107905207,
        "emergency_vehicle": 0.027023809523809526,
        "motorcycle": 6.269553168945648e-06,
        "other_vehicle": 0.00018799531546749234,
        "pedestrian": 1.0013841331765592e-08,
        "truck": 0.0008668483718825672
    },
    "0.95": {
        "animal": 0.0,
        "bicycle": 0.0,
        "bus": 5.288167053112033e-06,
        "car": 7.207509527593626e-08,
        "emergency_vehicle": 0.0,
        "motorcycle": 0.0,
        "other_vehicle": 1.9714595480476532e-08,
        "pedestrian": 0.0,
        "truck": 5.388022479907391e-07
    },
    "overall": {
        "animal": 2.367592395293226e-06,
        "bicycle": 0.03787838116238227,
        "bus": 0.2153261828671893,
        "car": 0.2636807981423769,
        "emergency_vehicle": 0.14242604714126456,
        "motorcycle": 0.09689049933904932,
        "other_vehicle": 0.209165779011322,
        "pedestrian": 0.025693097309926298,
        "truck": 0.16984084349176568
    },
    "mAP": 0.12898933289529685
}